{"cameraMode":{"drawMode":0,"name":"Shaded","section":"Shading Mode"},"sceneLighting":true,"audioPlay":false,"sceneViewState":{"m_AlwaysRefresh":false,"showFog":true,"showSkybox":true,"showFlares":true,"showImageEffects":true,"showParticleSystems":true,"showVisualEffectGraphs":true,"m_FxEnabled":true},"in2DMode":false,"pivot":{"x":0.5589640736579895,"y":8.643767356872559,"z":-0.7634010314941406},"rotation":{"x":0.2952461242675781,"y":0.0005667103687301278,"z":-0.00017736863810569048,"w":0.955435574054718},"size":11.754384994506836,"orthographic":false}